{
  //"ReRoutes": [
  //  {
  //    "UseServiceDiscovery": true,
  //    "DownstreamPathTemplate": "/api/contact/findall",
  //    "DownstreamScheme": "http",
  //    "ServiceName": "contactService",
  //    "LoadBalancerOptions": {
  //      "Type": "LeastConnection"
  //    },
  //    "UpstreamPathTemplate": "/api/gateway/contact/findall",
  //    "UpstreamHttpMethod": [ "Get" ],
  //    "ReRoutesCaseSensitive": false
  //  },
  //  {
  //    "DownstreamPathTemplate": "/api/home",
  //    "UpstreamPathTemplate": "/home",
  //    "UpstreamHttpMethod": [ "Get", "Options" ],
  //    "ServiceName": "web",
  //    "LoadBalancer": "LeastConnection"
  //  }
  //],
  "Routes": [
    {
      "DownstreamPathTemplate": "/api/contact/findall",
      "DownstreamScheme": "http",
      "ServiceName": "contactService",
      "UpstreamPathTemplate": "/contact/findall",
      "UpstreamHttpMethod": [ "Get" ],
      "UseServiceDiscovery": true,
      "ReRouteIsCaseSensitive": false,
      "LoadBalancerOptions": {
        "Type": "RoundRobin"
      }
    }
  ],

  "GlobalConfiguration": {
    "ServiceDiscoveryProvider": {
      "Scheme": "http",
      "Host": "localhost",
      "Port": 8500,
      "Type": "Consul"
    }
  }
}
